DATE,DEXUSAL
2014-11-03,0.8701
2014-11-04,0.8729
2014-11-05,0.8592
2014-11-06,0.8580
2014-11-07,0.8620
2014-11-10,0.8625
2014-11-11,.
2014-11-12,0.8735
2014-11-13,0.8730
2014-11-14,0.8737
2014-11-17,0.8718
2014-11-18,0.8726
2014-11-19,0.8623
2014-11-20,0.8610
2014-11-21,0.8674
2014-11-24,0.8615
2014-11-25,0.8520
2014-11-26,0.8534
2014-11-27,.
2014-11-28,0.8524
2014-12-01,0.8521
2014-12-02,0.8457
2014-12-03,0.8417
2014-12-04,0.8405
2014-12-05,0.8330
2014-12-08,0.8296
2014-12-09,0.8341
2014-12-10,0.8305
2014-12-11,0.8265
2014-12-12,0.8268
2014-12-15,0.8232
2014-12-16,0.8220
2014-12-17,0.8173
2014-12-18,0.8168
2014-12-19,0.8128
2014-12-22,0.8141
2014-12-23,0.8097
2014-12-24,0.8109
2014-12-25,.
2014-12-26,.
2014-12-29,0.8146
2014-12-30,0.8199
2014-12-31,0.8173
2015-01-01,.
2015-01-02,0.8118
2015-01-05,0.8095
2015-01-06,0.8118
2015-01-07,0.8049
2015-01-08,0.8126
2015-01-09,0.8191
2015-01-12,0.8165
2015-01-13,0.8164
2015-01-14,0.8163
2015-01-15,0.8212
2015-01-16,0.8194
2015-01-19,.
2015-01-20,0.8177
2015-01-21,0.8101
2015-01-22,0.8099
2015-01-23,0.7935
2015-01-26,0.7934
2015-01-27,0.7939
2015-01-28,0.7973
2015-01-29,0.7758
2015-01-30,0.7762
2015-02-02,0.7818
2015-02-03,0.7737
2015-02-04,0.7761
2015-02-05,0.7803
2015-02-06,0.7807
2015-02-09,0.7813
2015-02-10,0.7781
2015-02-11,0.7713
2015-02-12,0.7763
2015-02-13,0.7772
2015-02-16,.
2015-02-17,0.7816
2015-02-18,0.7778
2015-02-19,0.7810
2015-02-20,0.7833
2015-02-23,0.7807
2015-02-24,0.7808
2015-02-25,0.7898
2015-02-26,0.7816
2015-02-27,0.7810
2015-03-02,0.7780
2015-03-03,0.7840
2015-03-04,0.7821
2015-03-05,0.7763
2015-03-06,0.7712
2015-03-09,0.7716
2015-03-10,0.7637
2015-03-11,0.7582
2015-03-12,0.7705
2015-03-13,0.7631
2015-03-16,0.7656
2015-03-17,0.7615
2015-03-18,0.7653
2015-03-19,0.7618
2015-03-20,0.7759
2015-03-23,0.7848
2015-03-24,0.7869
2015-03-25,0.7856
2015-03-26,0.7836
2015-03-27,0.7754
2015-03-30,0.7645
2015-03-31,0.7625
2015-04-01,0.7615
2015-04-02,0.7566
2015-04-03,0.7645
2015-04-06,0.7657
2015-04-07,0.7646
2015-04-08,0.7715
2015-04-09,0.7706
2015-04-10,0.7674
2015-04-13,0.7579
2015-04-14,0.7638
2015-04-15,0.7610
2015-04-16,0.7796
2015-04-17,0.7776
2015-04-20,0.7727
2015-04-21,0.7741
2015-04-22,0.7771
2015-04-23,0.7782
2015-04-24,0.7825
2015-04-27,0.7859
2015-04-28,0.8017
2015-04-29,0.8065
2015-04-30,0.7867
2015-05-01,0.7813
2015-05-04,0.7839
2015-05-05,0.7941
2015-05-06,0.8005
2015-05-07,0.7914
2015-05-08,0.7914
2015-05-11,0.7899
2015-05-12,0.7989
2015-05-13,0.8118
2015-05-14,0.8082
2015-05-15,0.8053
2015-05-18,0.8001
2015-05-19,0.7918
2015-05-20,0.7877
2015-05-21,0.7888
2015-05-22,0.7828
2015-05-25,.
2015-05-26,0.7738
2015-05-27,0.7712
2015-05-28,0.7631
2015-05-29,0.7659
2015-06-01,0.7613
2015-06-02,0.7748
2015-06-03,0.7803
2015-06-04,0.7673
2015-06-05,0.7622
2015-06-08,0.7650
2015-06-09,0.7685
2015-06-10,0.7749
2015-06-11,0.7726
2015-06-12,0.7742
2015-06-15,0.7767
2015-06-16,0.7753
2015-06-17,0.7667
2015-06-18,0.7831
2015-06-19,0.7758
2015-06-22,0.7745
2015-06-23,0.7739
2015-06-24,0.7689
2015-06-25,0.7741
2015-06-26,0.7650
2015-06-29,0.7677
2015-06-30,0.7704
2015-07-01,0.7664
2015-07-02,0.7630
2015-07-03,.
2015-07-06,0.7521
2015-07-07,0.7435
2015-07-08,0.7445
2015-07-09,0.7438
2015-07-10,0.7427
2015-07-13,0.7407
2015-07-14,0.7450
2015-07-15,0.7366
2015-07-16,0.7430
2015-07-17,0.7371
2015-07-20,0.7380
2015-07-21,0.7429
2015-07-22,0.7368
2015-07-23,0.7375
2015-07-24,0.7279
2015-07-27,0.7304
2015-07-28,0.7325
2015-07-29,0.7307
2015-07-30,0.7278
2015-07-31,0.7332
2015-08-03,0.7277
2015-08-04,0.7419
2015-08-05,0.7346
2015-08-06,0.7343
2015-08-07,0.7393
2015-08-10,0.7404
2015-08-11,0.7288
2015-08-12,0.7375
2015-08-13,0.7361
2015-08-14,0.7376
2015-08-17,0.7386
2015-08-18,0.7334
2015-08-19,0.7316
2015-08-20,0.7357
2015-08-21,0.7343
2015-08-24,0.7202
2015-08-25,0.7183
2015-08-26,0.7087
2015-08-27,0.7179
2015-08-28,0.7129
2015-08-31,0.7100
2015-09-01,0.7036
2015-09-02,0.7011
2015-09-03,0.7025
2015-09-04,0.6917
2015-09-07,.
2015-09-08,0.7023
2015-09-09,0.7024
2015-09-10,0.7086
2015-09-11,0.7074
2015-09-14,0.7137
2015-09-15,0.7092
2015-09-16,0.7186
2015-09-17,0.7147
2015-09-18,0.7222
2015-09-21,0.7125
2015-09-22,0.7078
2015-09-23,0.7004
2015-09-24,0.6998
2015-09-25,0.7014
2015-09-28,0.7005
2015-09-29,0.7007
2015-09-30,0.7020
2015-10-01,0.7044
2015-10-02,0.7025
2015-10-05,0.7088
2015-10-06,0.7143
2015-10-07,0.7213
2015-10-08,0.7225
2015-10-09,0.7328
2015-10-12,.
2015-10-13,0.7283
2015-10-14,0.7256
2015-10-15,0.7316
2015-10-16,0.7261
2015-10-19,0.7254
2015-10-20,0.7256
2015-10-21,0.7226
2015-10-22,0.7220
2015-10-23,0.7215
2015-10-26,0.7262
2015-10-27,0.7233
2015-10-28,0.7143
2015-10-29,0.7081
2015-10-30,0.7133
2015-11-02,0.7141
2015-11-03,0.7173
2015-11-04,0.7148
2015-11-05,0.7148
2015-11-06,0.7034
2015-11-09,0.7046
2015-11-10,0.7030
2015-11-11,.
2015-11-12,0.7116
2015-11-13,0.7118
2015-11-16,0.7085
2015-11-17,0.7115
2015-11-18,0.7078
2015-11-19,0.7208
2015-11-20,0.7233
2015-11-23,0.7188
2015-11-24,0.7241
2015-11-25,0.7246
2015-11-26,.
2015-11-27,0.7192
2015-11-30,0.7235
2015-12-01,0.7320
2015-12-02,0.7309
2015-12-03,0.7310
2015-12-04,0.7346
2015-12-07,0.7268
2015-12-08,0.7211
2015-12-09,0.7204
2015-12-10,0.7299
2015-12-11,0.7214
2015-12-14,0.7258
2015-12-15,0.7176
2015-12-16,0.7207
2015-12-17,0.7100
2015-12-18,0.7197
2015-12-21,0.7172
2015-12-22,0.7231
2015-12-23,0.7221
2015-12-24,0.7269
2015-12-25,.
2015-12-28,0.7262
2015-12-29,0.7293
2015-12-30,0.7284
2015-12-31,0.7286
2016-01-01,.
2016-01-04,0.7166
2016-01-05,0.7151
2016-01-06,0.7070
2016-01-07,0.7025
2016-01-08,0.6976
2016-01-11,0.6992
2016-01-12,0.6975
2016-01-13,0.6996
2016-01-14,0.6980
2016-01-15,0.6864
2016-01-18,.
2016-01-19,0.6929
2016-01-20,0.6855
2016-01-21,0.7003
2016-01-22,0.7014
2016-01-25,0.6970
2016-01-26,0.7005
2016-01-27,0.7074
2016-01-28,0.7085
2016-01-29,0.7071
2016-02-01,0.7084
2016-02-02,0.7058
2016-02-03,0.7134
2016-02-04,0.7216
2016-02-05,0.7084
2016-02-08,0.7103
2016-02-09,0.7065
2016-02-10,0.7089
2016-02-11,0.7096
2016-02-12,0.7098
2016-02-15,.
2016-02-16,0.7103
2016-02-17,0.7168
2016-02-18,0.7150
2016-02-19,0.7125
2016-02-22,0.7238
2016-02-23,0.7209
2016-02-24,0.7177
2016-02-25,0.7208
2016-02-26,0.7130
2016-02-29,0.7152
2016-03-01,0.7172
2016-03-02,0.7268
2016-03-03,0.7360
2016-03-04,0.7425
2016-03-07,0.7467
2016-03-08,0.7451
2016-03-09,0.7528
2016-03-10,0.7444
2016-03-11,0.7572
2016-03-14,0.7515
2016-03-15,0.7465
2016-03-16,0.7435
2016-03-17,0.7637
2016-03-18,0.7618
2016-03-21,0.7594
2016-03-22,0.7625
2016-03-23,0.7533
2016-03-24,0.7516
2016-03-25,0.7518
2016-03-28,0.7549
2016-03-29,0.7567
2016-03-30,0.7667
2016-03-31,0.7677
2016-04-01,0.7672
2016-04-04,0.7614
2016-04-05,0.7519
2016-04-06,0.7613
2016-04-07,0.7504
2016-04-08,0.7554
2016-04-11,0.7599
2016-04-12,0.7659
2016-04-13,0.7649
2016-04-14,0.7705
2016-04-15,0.7717
2016-04-18,0.7746
2016-04-19,0.7806
2016-04-20,0.7817
2016-04-21,0.7758
2016-04-22,0.7713
2016-04-25,0.7717
2016-04-26,0.7741
2016-04-27,0.7594
2016-04-28,0.7635
2016-04-29,0.7612
2016-05-02,0.7641
2016-05-03,0.7492
2016-05-04,0.7454
2016-05-05,0.7465
2016-05-06,0.7358
2016-05-09,0.7323
2016-05-10,0.7351
2016-05-11,0.7398
2016-05-12,0.7314
2016-05-13,0.7273
2016-05-16,0.7300
2016-05-17,0.7352
2016-05-18,0.7285
2016-05-19,0.7213
2016-05-20,0.7215
2016-05-23,0.7203
2016-05-24,0.7184
2016-05-25,0.7186
2016-05-26,0.7227
2016-05-27,0.7205
2016-05-30,.
2016-05-31,0.7242
2016-06-01,0.7242
2016-06-02,0.7225
2016-06-03,0.7339
2016-06-06,0.7362
2016-06-07,0.7452
2016-06-08,0.7479
2016-06-09,0.7431
2016-06-10,0.7395
2016-06-13,0.7394
2016-06-14,0.7360
2016-06-15,0.7404
2016-06-16,0.7312
2016-06-17,0.7385
2016-06-20,0.7458
2016-06-21,0.7461
2016-06-22,0.7491
2016-06-23,0.7598
2016-06-24,0.7451
2016-06-27,0.7357
2016-06-28,0.7353
2016-06-29,0.7444
2016-06-30,0.7432
2016-07-01,0.7485
2016-07-04,.
2016-07-05,0.7456
2016-07-06,0.7511
2016-07-07,0.7488
2016-07-08,0.7559
2016-07-11,0.7534
2016-07-12,0.7631
2016-07-13,0.7624
2016-07-14,0.7632
2016-07-15,0.7587
2016-07-18,0.7597
2016-07-19,0.7496
2016-07-20,0.7486
2016-07-21,0.7497
2016-07-22,0.7453
2016-07-25,0.7458
2016-07-26,0.7516
2016-07-27,0.7460
2016-07-28,0.7511
2016-07-29,0.7599
2016-08-01,0.7567
2016-08-02,0.7611
2016-08-03,0.7592
2016-08-04,0.7637
2016-08-05,0.7615
2016-08-08,0.7656
2016-08-09,0.7677
2016-08-10,0.7717
2016-08-11,0.7710
2016-08-12,0.7669
2016-08-15,0.7687
2016-08-16,0.7697
2016-08-17,0.7619
2016-08-18,0.7684
2016-08-19,0.7620
2016-08-22,0.7629
2016-08-23,0.7632
2016-08-24,0.7605
2016-08-25,0.7611
2016-08-26,0.7614
2016-08-29,0.7576
2016-08-30,0.7516
2016-08-31,0.7519
2016-09-01,0.7542
2016-09-02,0.7557
2016-09-05,.
2016-09-06,0.7674
2016-09-07,0.7675
2016-09-08,0.7666
2016-09-09,0.7549
2016-09-12,0.7526
2016-09-13,0.7470
2016-09-14,0.7485
2016-09-15,0.7512
2016-09-16,0.7489
2016-09-19,0.7560
2016-09-20,0.7552
2016-09-21,0.7589
2016-09-22,0.7644
2016-09-23,0.7621
2016-09-26,0.7642
2016-09-27,0.7658
2016-09-28,0.7659
2016-09-29,0.7676
2016-09-30,0.7667
2016-10-03,0.7664
2016-10-04,0.7644
2016-10-05,0.7618
2016-10-06,0.7580
2016-10-07,0.7556
2016-10-10,.
2016-10-11,0.7545
2016-10-12,0.7553
2016-10-13,0.7558
2016-10-14,0.7610
2016-10-17,0.7626
2016-10-18,0.7679
2016-10-19,0.7715
2016-10-20,0.7640
2016-10-21,0.7597
2016-10-24,0.7603
2016-10-25,0.7652
2016-10-26,0.7657
2016-10-27,0.7606
2016-10-28,0.7578
2016-10-31,0.7611
2016-11-01,0.7659
2016-11-02,0.7667
2016-11-03,0.7681
2016-11-04,0.7669
2016-11-07,0.7700
2016-11-08,0.7733
2016-11-09,0.7674
2016-11-10,0.7590
2016-11-11,.
2016-11-14,0.7532
2016-11-15,0.7540
2016-11-16,0.7492
2016-11-17,0.7455
2016-11-18,0.7345
2016-11-21,0.7357
2016-11-22,0.7388
2016-11-23,0.7391
2016-11-24,.
2016-11-25,0.7425
2016-11-28,0.7478
2016-11-29,0.7469
2016-11-30,0.7387
2016-12-01,0.7411
2016-12-02,0.7445
2016-12-05,0.7476
2016-12-06,0.7454
2016-12-07,0.7479
2016-12-08,0.7448
2016-12-09,0.7442
2016-12-12,0.7486
2016-12-13,0.7494
2016-12-14,0.7512
2016-12-15,0.7343
2016-12-16,0.7298
2016-12-19,0.7264
2016-12-20,0.7252
2016-12-21,0.7244
2016-12-22,0.7216
2016-12-23,0.7174
2016-12-26,.
2016-12-27,0.7189
2016-12-28,0.7185
2016-12-29,0.7220
2016-12-30,0.7230
2017-01-02,.
2017-01-03,0.7231
2017-01-04,0.7270
2017-01-05,0.7334
2017-01-06,0.7305
2017-01-09,0.7364
2017-01-10,0.7370
2017-01-11,0.7400
2017-01-12,0.7508
2017-01-13,0.7481
2017-01-16,.
2017-01-17,0.7540
2017-01-18,0.7553
2017-01-19,0.7545
2017-01-20,.
2017-01-23,0.7564
2017-01-24,0.7584
2017-01-25,0.7565
2017-01-26,0.7531
2017-01-27,0.7549
2017-01-30,0.7556
2017-01-31,0.7582
2017-02-01,0.7564
2017-02-02,0.7673
2017-02-03,0.7686
2017-02-06,0.7641
2017-02-07,0.7636
2017-02-08,0.7648
2017-02-09,0.7623
2017-02-10,0.7686
2017-02-13,0.7644
2017-02-14,0.7638
2017-02-15,0.7698
2017-02-16,0.7694
2017-02-17,0.7657
2017-02-20,.
2017-02-21,0.7672
2017-02-22,0.7683
2017-02-23,0.7716
2017-02-24,0.7681
2017-02-27,0.7693
2017-02-28,0.7686
2017-03-01,0.7664
2017-03-02,0.7578
2017-03-03,0.7559
2017-03-06,0.7583
2017-03-07,0.7603
2017-03-08,0.7544
2017-03-09,0.7517
2017-03-10,0.7531
2017-03-13,0.7581
2017-03-14,0.7575
2017-03-15,0.7593
2017-03-16,0.7673
2017-03-17,0.7690
2017-03-20,0.7733
2017-03-21,0.7717
2017-03-22,0.7674
2017-03-23,0.7644
2017-03-24,0.7619
2017-03-27,0.7623
2017-03-28,0.7651
2017-03-29,0.7660
2017-03-30,0.7666
2017-03-31,0.7638
2017-04-03,0.7601
2017-04-04,0.7567
2017-04-05,0.7575
2017-04-06,0.7549
2017-04-07,0.7516
2017-04-10,0.7500
2017-04-11,0.7497
2017-04-12,0.7485
2017-04-13,0.7585
2017-04-14,0.7575
2017-04-17,0.7604
2017-04-18,0.7553
2017-04-19,0.7500
2017-04-20,0.7540
2017-04-21,0.7539
2017-04-24,0.7558
2017-04-25,0.7538
2017-04-26,0.7462
2017-04-27,0.7452
2017-04-28,0.7475
2017-05-01,0.7534
2017-05-02,0.7523
2017-05-03,0.7451
2017-05-04,0.7403
2017-05-05,0.7414
2017-05-08,0.7386
2017-05-09,0.7352
2017-05-10,0.7383
2017-05-11,0.7374
2017-05-12,0.7397
2017-05-15,0.7425
2017-05-16,0.7429
2017-05-17,0.7426
2017-05-18,0.7432
2017-05-19,0.7449
2017-05-22,0.7476
2017-05-23,0.7485
2017-05-24,0.7463
2017-05-25,0.7466
2017-05-26,0.7440
2017-05-29,.
2017-05-30,0.7465
2017-05-31,0.7437
2017-06-01,0.7387
2017-06-02,0.7441
2017-06-05,0.7479
2017-06-06,0.7514
2017-06-07,0.7550
2017-06-08,0.7543
2017-06-09,0.7532
2017-06-12,0.7539
2017-06-13,0.7540
2017-06-14,0.7619
2017-06-15,0.7582
2017-06-16,0.7622
2017-06-19,0.7605
2017-06-20,0.7575
2017-06-21,0.7549
2017-06-22,0.7542
2017-06-23,0.7578
2017-06-26,0.7590
2017-06-27,0.7588
2017-06-28,0.7638
2017-06-29,0.7680
2017-06-30,0.7676
2017-07-03,0.7652
2017-07-04,.
2017-07-05,0.7588
2017-07-06,0.7584
2017-07-07,0.7599
2017-07-10,0.7599
2017-07-11,0.7614
2017-07-12,0.7673
2017-07-13,0.7728
2017-07-14,0.7813
2017-07-17,0.7811
2017-07-18,0.7923
2017-07-19,0.7946
2017-07-20,0.7958
2017-07-21,0.7911
2017-07-24,0.7926
2017-07-25,0.7949
2017-07-26,0.7922
2017-07-27,0.7962
2017-07-28,0.7991
2017-07-31,0.7988
2017-08-01,0.7974
2017-08-02,0.7983
2017-08-03,0.7945
2017-08-04,0.7924
2017-08-07,0.7905
2017-08-08,0.7905
2017-08-09,0.7872
2017-08-10,0.7888
2017-08-11,0.7880
2017-08-14,0.7864
2017-08-15,0.7822
2017-08-16,0.7882
2017-08-17,0.7918
2017-08-18,0.7933
2017-08-21,0.7936
2017-08-22,0.7913
2017-08-23,0.7893
2017-08-24,0.7905
2017-08-25,0.7929
2017-08-28,0.7956
2017-08-29,0.7973
2017-08-30,0.7905
2017-08-31,0.7932
2017-09-01,0.7980
2017-09-04,.
2017-09-05,0.8010
2017-09-06,0.8016
2017-09-07,0.8038
2017-09-08,0.8071
2017-09-11,0.8024
2017-09-12,0.8042
2017-09-13,0.7987
2017-09-14,0.7980
2017-09-15,0.8007
2017-09-18,0.7966
2017-09-19,0.8014
2017-09-20,0.8070
2017-09-21,0.7940
2017-09-22,0.7975
2017-09-25,0.7937
2017-09-26,0.7880
2017-09-27,0.7866
2017-09-28,0.7831
2017-09-29,0.7840
2017-10-02,0.7825
2017-10-03,0.7828
2017-10-04,0.7856
2017-10-05,0.7800
2017-10-06,0.7765
2017-10-09,.
2017-10-10,0.7788
2017-10-11,0.7781
2017-10-12,0.7827
2017-10-13,0.7885
2017-10-16,0.7859
2017-10-17,0.7833
2017-10-18,0.7838
2017-10-19,0.7878
2017-10-20,0.7812
2017-10-23,0.7807
2017-10-24,0.7780
2017-10-25,0.7694
2017-10-26,0.7688
2017-10-27,0.7660
2017-10-30,0.7678
2017-10-31,0.7668
2017-11-01,0.7676
2017-11-02,0.7722
2017-11-03,0.7650
2017-11-06,0.7673
2017-11-07,0.7637
2017-11-08,0.7677
2017-11-09,0.7668
2017-11-10,.
2017-11-13,0.7622
2017-11-14,0.7628
2017-11-15,0.7576
2017-11-16,0.7590
2017-11-17,0.7563
2017-11-20,0.7551
2017-11-21,0.7582
2017-11-22,0.7591
2017-11-23,.
2017-11-24,0.7619
2017-11-27,0.7605
2017-11-28,0.7617
2017-11-29,0.7572
2017-11-30,0.7572
2017-12-01,0.7624
2017-12-04,0.7598
2017-12-05,0.7606
2017-12-06,0.7565
2017-12-07,0.7526
2017-12-08,0.7507
2017-12-11,0.7540
2017-12-12,0.7550
2017-12-13,0.7605
2017-12-14,0.7672
2017-12-15,0.7646
2017-12-18,0.7675
2017-12-19,0.7652
2017-12-20,0.7673
2017-12-21,0.7703
2017-12-22,0.7713
2017-12-25,.
2017-12-26,0.7728
2017-12-27,0.7772
2017-12-28,0.7793
2017-12-29,0.7815
2018-01-01,.
2018-01-02,0.7824
2018-01-03,0.7840
2018-01-04,0.7856
2018-01-05,0.7859
2018-01-08,0.7838
2018-01-09,0.7822
2018-01-10,0.7841
2018-01-11,0.7885
2018-01-12,0.7886
2018-01-15,.
2018-01-16,0.7958
2018-01-17,0.7982
2018-01-18,0.7993
2018-01-19,0.8001
2018-01-22,0.8004
2018-01-23,0.7984
2018-01-24,0.8066
2018-01-25,0.8089
2018-01-26,0.8105
2018-01-29,0.8089
2018-01-30,0.8076
2018-01-31,0.8069
2018-02-01,0.8028
2018-02-02,0.7929
2018-02-05,0.7926
2018-02-06,0.7877
2018-02-07,0.7842
2018-02-08,0.7789
2018-02-09,0.7809
2018-02-12,0.7836
2018-02-13,0.7857
2018-02-14,0.7873
2018-02-15,0.7912
2018-02-16,0.7925
2018-02-19,.
2018-02-20,0.7903
2018-02-21,0.7833
2018-02-22,0.7850
2018-02-23,0.7827
2018-02-26,0.7843
2018-02-27,0.7804
2018-02-28,0.7801
2018-03-01,0.7762
2018-03-02,0.7754
2018-03-05,0.7759
2018-03-06,0.7822
2018-03-07,0.7796
2018-03-08,0.7787
2018-03-09,0.7849
2018-03-12,0.7864
2018-03-13,0.7881
2018-03-14,0.7877
2018-03-15,0.7816
2018-03-16,0.7733
2018-03-19,0.7705
2018-03-20,0.7691
2018-03-21,0.7708
2018-03-22,0.7696
2018-03-23,0.7721
2018-03-26,0.7727
2018-03-27,0.7717
2018-03-28,0.7681
2018-03-29,0.7672
2018-03-30,0.769
2018-04-02,0.7658
2018-04-03,0.7674
2018-04-04,0.7701
2018-04-05,0.7688
2018-04-06,0.7684
2018-04-09,0.7708
2018-04-10,0.7762
2018-04-11,0.7765
2018-04-12,0.7757
2018-04-13,0.7768
2018-04-16,0.7777
2018-04-17,0.7768
2018-04-18,0.7784
2018-04-19,0.7751
2018-04-20,0.7671
2018-04-23,0.7614
2018-04-24,0.7598
2018-04-25,0.7559
2018-04-26,0.756
2018-04-27,0.7566
2018-04-30,0.7543
2018-05-01,0.7488
2018-05-02,0.7501
2018-05-03,0.7513
2018-05-04,0.7534
2018-05-07,0.7526
2018-05-08,0.7445
2018-05-09,0.7456
2018-05-10,0.7515
2018-05-11,0.7544
2018-05-14,0.7554
2018-05-15,0.7477
2018-05-16,0.7504
2018-05-17,0.7508
2018-05-18,0.7511
2018-05-21,0.7565
2018-05-22,0.7595
2018-05-23,0.7534
2018-05-24,0.7567
2018-05-25,0.7558
2018-05-28,.
2018-05-29,0.7514
2018-05-30,0.7574
2018-05-31,0.757
2018-06-01,0.7566
2018-06-04,0.7648
2018-06-05,0.7606
2018-06-06,0.7677
2018-06-07,0.763
2018-06-08,0.7601
2018-06-11,0.7616
2018-06-12,0.7607
2018-06-13,0.7604
2018-06-14,0.7514
2018-06-15,0.7455
2018-06-18,0.7419
2018-06-19,0.7386
2018-06-20,0.7387
2018-06-21,0.7374
2018-06-22,0.7424
2018-06-25,0.7406
2018-06-26,0.7402
2018-06-27,0.7373
2018-06-28,0.7355
2018-06-29,0.7399
2018-07-02,0.7322
2018-07-03,0.7385
2018-07-04,.
2018-07-05,0.7388
2018-07-06,0.7421
2018-07-09,0.7466
2018-07-10,0.7464
2018-07-11,0.74
2018-07-12,0.7418
2018-07-13,0.741
2018-07-16,0.7416
2018-07-17,0.7392
2018-07-18,0.7392
2018-07-19,0.7332
2018-07-20,0.741
2018-07-23,0.7383
2018-07-24,0.7416
2018-07-25,0.7412
2018-07-26,0.7384
2018-07-27,0.741
2018-07-30,0.7408
2018-07-31,0.7438
2018-08-01,0.7402
2018-08-02,0.7379
2018-08-03,0.7406
2018-08-06,0.7393
2018-08-07,0.7428
2018-08-08,0.742
2018-08-09,0.7394
2018-08-10,0.7298
2018-08-13,0.727
2018-08-14,0.724
2018-08-15,0.7233
2018-08-16,0.7276
2018-08-17,0.7282
2018-08-20,0.7308
2018-08-21,0.7352
2018-08-22,0.7352
2018-08-23,0.7264
2018-08-24,0.7332
2018-08-27,0.7346
2018-08-28,0.7352
2018-08-29,0.7292
2018-08-30,0.7262
2018-08-31,0.7192
2018-09-03,.
2018-09-04,0.7174
2018-09-05,0.7189
2018-09-06,0.7198
2018-09-07,0.7135
2018-09-10,0.7118
2018-09-11,0.7107
2018-09-12,0.7161
2018-09-13,0.7192
2018-09-14,0.7178
2018-09-17,0.7186
2018-09-18,0.722
2018-09-19,0.7273
2018-09-20,0.7276
2018-09-21,0.7278
2018-09-24,0.7263
2018-09-25,0.7251
2018-09-26,0.726
2018-09-27,0.7218
2018-09-28,0.7238
2018-10-01,0.7223
2018-10-02,0.7199
2018-10-03,0.7138
2018-10-04,0.7078
2018-10-05,0.7048
2018-10-08,.
2018-10-09,0.7092
2018-10-10,0.71
2018-10-11,0.7112
2018-10-12,0.7116
2018-10-15,0.7142
2018-10-16,0.714
2018-10-17,0.713
2018-10-18,0.7118
2018-10-19,0.7132
2018-10-22,0.7086
2018-10-23,0.7074
2018-10-24,0.7072
2018-10-25,0.7084
2018-10-26,0.7088
2018-10-29,0.7074
2018-10-30,0.7112
2018-10-31,0.709
2018-11-01,0.7189
2018-11-02,0.7199
2018-11-05,0.7198
2018-11-06,0.7221
2018-11-07,0.7282
2018-11-08,0.7286
2018-11-09,0.7226
2018-11-12,.
2018-11-13,0.722
2018-11-14,0.7219
2018-11-15,0.7269
2018-11-16,0.7312
2018-11-19,0.7291
2018-11-20,0.7246
2018-11-21,0.7267
2018-11-22,.
2018-11-23,0.7225
2018-11-26,0.723
2018-11-27,0.7206
2018-11-28,0.7233
2018-11-29,0.7314
2018-11-30,0.7311
2018-12-03,0.736
2018-12-04,0.7353
2018-12-05,.
2018-12-06,0.7216
2018-12-07,0.721
2018-12-10,0.719
2018-12-11,0.7204
2018-12-12,0.7223
2018-12-13,0.7228
2018-12-14,0.7176
2018-12-17,0.7182
2018-12-18,0.7172
2018-12-19,0.7172
2018-12-20,0.7104
2018-12-21,0.7072
2018-12-24,.
2018-12-25,.
2018-12-26,0.707
2018-12-27,0.702
2018-12-28,0.7044
2018-12-31,0.7046
2019-01-01,.
2019-01-02,0.7
2019-01-03,0.7014
2019-01-04,0.7108
2019-01-07,0.7143
2019-01-08,0.7134
2019-01-09,0.7172
2019-01-10,0.719
2019-01-11,0.7204
2019-01-14,.
2019-01-15,0.7192
2019-01-16,0.7184
2019-01-17,0.7171
2019-01-18,0.7172
2019-01-21,.
2019-01-22,0.7133
2019-01-23,0.7133
2019-01-24,0.7096
2019-01-25,0.7172
2019-01-28,0.7166
2019-01-29,0.7149
2019-01-30,0.7196
2019-01-31,0.7282
2019-02-01,0.726
2019-02-04,0.7218
2019-02-05,0.7234
2019-02-06,0.7128
2019-02-07,0.7093
2019-02-08,0.709
2019-02-11,0.7065
2019-02-12,0.7094
2019-02-13,0.7113
2019-02-14,0.7091
2019-02-15,0.7122
2019-02-18,.
2019-02-19,0.7146
2019-02-20,.
2019-02-21,0.708
2019-02-22,0.7138
2019-02-25,0.7169
2019-02-26,0.7182
2019-02-27,0.7134
2019-02-28,0.7099
2019-03-01,0.708
2019-03-04,0.7084
2019-03-05,0.7073
2019-03-06,0.7023
2019-03-07,0.7032
2019-03-08,0.7048
2019-03-11,0.7056
2019-03-12,0.7082
2019-03-13,0.7087
2019-03-14,0.7061
2019-03-15,0.7089
2019-03-18,0.71
2019-03-19,0.7102
2019-03-20,0.7088
2019-03-21,0.711
2019-03-22,0.7091
2019-03-25,0.7114
2019-03-26,0.714
2019-03-27,0.707
2019-03-28,0.7079
2019-03-29,0.7104
2019-04-01,0.7117
2019-04-02,0.7058
2019-04-03,0.7124
2019-04-04,0.7112
2019-04-05,0.7099
2019-04-08,0.7124
2019-04-09,0.7129
2019-04-10,0.7158
2019-04-11,0.7128
2019-04-12,0.7176
2019-04-15,0.7178
2019-04-16,0.7174
2019-04-17,0.7168
2019-04-18,0.715
2019-04-19,0.715
2019-04-22,0.7134
2019-04-23,0.7096
2019-04-24,0.7026
2019-04-25,0.701
2019-04-26,0.7044
2019-04-29,0.7054
2019-04-30,0.704
2019-05-01,0.7038
2019-05-02,0.7002
2019-05-03,0.7018
2019-05-06,0.6995
2019-05-07,0.7004
2019-05-08,0.7004
2019-05-09,0.6976
2019-05-10,0.6998
2019-05-13,0.6948
2019-05-14,0.6946
2019-05-15,0.693
2019-05-16,0.6905
2019-05-17,0.6874
2019-05-20,0.6913
2019-05-21,0.6876
2019-05-22,0.688
2019-05-23,0.6896
2019-05-24,0.6914
2019-05-27,.
2019-05-28,0.693
2019-05-29,0.6912
2019-05-30,0.691
2019-05-31,0.693
2019-06-03,0.6955
2019-06-04,0.6987
2019-06-05,0.6974
2019-06-06,0.6984
2019-06-07,0.7002
2019-06-10,0.6964
2019-06-11,0.6956
2019-06-12,0.6942
2019-06-13,0.691
2019-06-14,0.6872
2019-06-17,0.686
2019-06-18,0.6872
2019-06-19,0.687
2019-06-20,0.6917
2019-06-21,0.692
2019-06-24,0.6964
2019-06-25,0.6975
2019-06-26,0.699
2019-06-27,0.6998
2019-06-28,0.7009
2019-07-01,0.6963
2019-07-02,0.6992
2019-07-03,0.7033
2019-07-04,.
2019-07-05,0.6968
2019-07-08,0.6968
2019-07-09,0.6927
2019-07-10,0.6964
2019-07-11,0.6982
2019-07-12,0.7007
2019-07-15,0.7036
2019-07-16,0.702
2019-07-17,0.7021
2019-07-18,0.7043
2019-07-19,0.7042
2019-07-22,0.7042
2019-07-23,0.6999
2019-07-24,0.6978
2019-07-25,0.6954
2019-07-26,0.6908
2019-07-29,0.6908
2019-07-30,0.6872
2019-07-31,0.6888
2019-08-01,0.6858
2019-08-02,0.6806
2019-08-05,0.678
2019-08-06,0.677
2019-08-07,0.6754
2019-08-08,0.6812
2019-08-09,0.6796
2019-08-12,0.6756
2019-08-13,0.6798
2019-08-14,0.6742
2019-08-15,0.6784
2019-08-16,0.6782
2019-08-19,0.6772
2019-08-20,0.6777
2019-08-21,0.6792
2019-08-22,0.6764
2019-08-23,0.6749
2019-08-26,0.6782
2019-08-27,0.6758
2019-08-28,0.6746
2019-08-29,0.6734
2019-08-30,0.673
2019-09-02,.
2019-09-03,0.6758
2019-09-04,0.6796
2019-09-05,0.682
2019-09-06,0.6856
2019-09-09,0.6874
2019-09-10,0.6868
2019-09-11,0.6858
2019-09-12,0.6871
2019-09-13,0.6886
2019-09-16,0.6865
2019-09-17,0.6858
2019-09-18,0.6844
2019-09-19,0.6795
2019-09-20,0.677
2019-09-23,0.6772
2019-09-24,0.6793
2019-09-25,0.675
2019-09-26,0.6754
2019-09-27,0.6764
2019-09-30,0.6746
2019-10-01,0.6703
2019-10-02,0.6698
2019-10-03,0.6751
2019-10-04,0.6764
2019-10-07,0.6742
2019-10-08,0.6727
2019-10-09,0.673
2019-10-10,0.677
2019-10-11,0.6804
2019-10-14,.
2019-10-15,0.6757
2019-10-16,0.6755
2019-10-17,0.6826
2019-10-18,0.6846
2019-10-21,0.6867
2019-10-22,0.6863
2019-10-23,0.6847
2019-10-24,0.6817
2019-10-25,0.6829
2019-10-28,0.6839
2019-10-29,0.6862
2019-10-30,0.6872
2019-10-31,0.6888
2019-11-01,0.6914
